#,Name,Type 1,Type 2,HP,Attack,Defense,Sp. Atk,Sp. Def,total,Generation,Legendary,Total
1,Bulbasaur,Grass,Poison,45,49,49,65,65,318,1,False,591
2,Ivysaur,Grass,Poison,60,62,63,80,80,405,1,False,750
3,Venusaur,Grass,Poison,80,82,83,100,100,525,1,False,970
3,VenusaurMega Venusaur,Grass,Poison,80,100,123,122,120,625,1,False,1170
4,Charmander,Fire,,39,52,43,60,50,309,1,False,553
5,Charmeleon,Fire,,58,64,58,80,65,405,1,False,730
6,Charizard,Fire,Flying,78,84,78,109,85,534,1,False,968
6,CharizardMega Charizard X,Fire,Dragon,78,130,111,130,85,634,1,False,1168
6,CharizardMega Charizard Y,Fire,Flying,78,104,78,159,115,634,1,False,1168
7,Squirtle,Water,,44,48,65,50,64,314,1,False,585
8,Wartortle,Water,,59,63,80,65,80,405,1,False,752
9,Blastoise,Water,,79,83,100,85,105,530,1,False,982
9,BlastoiseMega Blastoise,Water,,79,103,120,135,115,630,1,False,1182
10,Caterpie,Bug,,45,30,35,20,20,195,1,False,345
11,Metapod,Bug,,50,20,55,25,25,205,1,False,380
12,Butterfree,Bug,Flying,60,45,50,90,80,395,1,False,720
13,Weedle,Bug,Poison,40,35,30,20,20,195,1,False,340
14,Kakuna,Bug,Poison,45,25,50,25,25,205,1,False,375
15,Beedrill,Bug,Poison,65,90,40,45,80,395,1,False,715
15,BeedrillMega Beedrill,Bug,Poison,65,150,40,15,80,495,1,False,845
16,Pidgey,Normal,Flying,40,45,40,35,35,251,1,False,446
17,Pidgeotto,Normal,Flying,63,60,55,50,50,349,1,False,627
18,Pidgeot,Normal,Flying,83,80,75,70,70,479,1,False,857
18,PidgeotMega Pidgeot,Normal,Flying,83,80,80,135,80,579,1,False,1037
19,Rattata,Normal,,30,56,35,25,35,253,1,False,434
20,Raticate,Normal,,55,81,60,50,70,413,1,False,729
21,Spearow,Normal,Flying,40,60,30,31,31,262,1,False,454
22,Fearow,Normal,Flying,65,90,65,61,61,442,1,False,784
23,Ekans,Poison,,35,60,44,40,54,288,1,False,521
24,Arbok,Poison,,60,85,69,65,79,438,1,False,796
25,Pikachu,Electric,,35,55,40,50,50,320,1,False,550
26,Raichu,Electric,,60,90,55,90,80,485,1,False,860
27,Sandshrew,Ground,,50,75,85,20,30,300,1,False,560
28,Sandslash,Ground,,75,100,110,45,55,450,1,False,835
29,Nidoran (Female),Poison,,55,47,52,40,40,275,1,False,509
30,Nidorina,Poison,,70,62,67,55,55,365,1,False,674
31,Nidoqueen,Poison,Ground,90,92,87,75,85,505,1,False,934
32,Nidoran (Male),Poison,,46,57,40,40,40,273,1,False,496
33,Nidorino,Poison,,61,72,57,55,55,365,1,False,665
34,Nidoking,Poison,Ground,81,102,77,85,75,505,1,False,925
35,Clefairy,Fairy,,70,45,48,60,65,323,1,False,611
36,Clefable,Fairy,,95,70,73,95,90,483,1,False,906
37,Vulpix,Fire,,38,41,40,50,65,299,1,False,533
38,Ninetales,Fire,,73,76,75,81,100,505,1,False,910
39,Jigglypuff,Normal,Fairy,115,45,20,45,25,270,1,False,520
40,Wigglytuff,Normal,Fairy,140,70,45,85,50,435,1,False,825
41,Zubat,Poison,Flying,40,45,35,30,40,245,1,False,435
42,Golbat,Poison,Flying,75,80,70,65,75,455,1,False,820
43,Oddish,Grass,Poison,45,50,55,75,65,320,1,False,610
44,Gloom,Grass,Poison,60,65,70,85,75,395,1,False,750
45,Vileplume,Grass,Poison,75,80,85,110,90,490,1,False,930
46,Paras,Bug,Grass,35,70,55,45,55,285,1,False,545
47,Parasect,Bug,Grass,60,95,80,60,80,405,1,False,780
48,Venonat,Bug,Poison,60,55,50,40,55,305,1,False,565
49,Venomoth,Bug,Poison,70,65,60,90,75,450,1,False,810
50,Diglett,Ground,,10,55,25,35,45,265,1,False,435
51,Dugtrio,Ground,,35,80,50,50,70,405,1,False,690
52,Meowth,Normal,,40,45,35,40,40,290,1,False,490
53,Persian,Normal,,65,70,60,65,65,440,1,False,765
54,Psyduck,Water,,50,52,48,65,50,320,1,False,585
55,Golduck,Water,,80,82,78,95,80,500,1,False,915
56,Mankey,Fighting,,40,80,35,35,45,305,1,False,540
57,Primeape,Fighting,,65,105,60,60,70,455,1,False,815
58,Growlithe,Fire,,55,70,45,70,50,350,1,False,640
59,Arcanine,Fire,,90,110,80,100,80,555,1,False,1015
60,Poliwag,Water,,40,50,40,40,40,300,1,False,510
61,Poliwhirl,Water,,65,65,65,50,50,385,1,False,680
62,Poliwrath,Water,Fighting,90,95,95,70,90,510,1,False,950
63,Abra,Psychic,,25,20,15,105,55,310,1,False,530
64,Kadabra,Psychic,,40,35,30,120,70,400,1,False,695
65,Alakazam,Psychic,,55,50,45,135,95,500,1,False,880
65,AlakazamMega Alakazam,Psychic,,55,50,65,175,95,590,1,False,1030
66,Machop,Fighting,,70,80,50,35,35,305,1,False,575
67,Machoke,Fighting,,80,100,70,50,60,405,1,False,765
68,Machamp,Fighting,,90,130,80,65,85,505,1,False,955
69,Bellsprout,Grass,Poison,50,75,35,70,30,300,1,False,560
70,Weepinbell,Grass,Poison,65,90,50,85,45,390,1,False,725
71,Victreebel,Grass,Poison,80,105,65,100,70,490,1,False,910
72,Tentacool,Water,Poison,40,40,35,50,100,335,1,False,600
73,Tentacruel,Water,Poison,80,70,65,80,120,515,1,False,930
74,Geodude,Rock,Ground,40,80,100,30,30,300,1,False,580
75,Graveler,Rock,Ground,55,95,115,45,45,390,1,False,745
76,Golem,Rock,Ground,80,120,130,55,65,495,1,False,945
77,Ponyta,Fire,,50,85,55,65,65,410,1,False,730
78,Rapidash,Fire,,65,100,70,80,80,500,1,False,895
79,Slowpoke,Water,Psychic,90,65,65,40,40,315,1,False,615
80,Slowbro,Water,Psychic,95,75,110,100,80,490,1,False,950
80,SlowbroMega Slowbro,Water,Psychic,95,75,180,130,80,590,1,False,1150
81,Magnemite,Electric,Steel,25,35,70,95,55,325,1,False,605
82,Magneton,Electric,Steel,50,60,95,120,70,465,1,False,860
83,Farfetch'd,Normal,Flying,52,65,55,58,62,352,1,False,644
84,Doduo,Normal,Flying,35,85,45,35,35,310,1,False,545
85,Dodrio,Normal,Flying,60,110,70,60,60,460,1,False,820
86,Seel,Water,,65,45,55,45,70,325,1,False,605
87,Dewgong,Water,Ice,90,70,80,70,95,475,1,False,880
88,Grimer,Poison,,80,80,50,40,50,325,1,False,625
89,Muk,Poison,,105,105,75,65,100,500,1,False,950
90,Shellder,Water,,30,65,100,45,25,305,1,False,570
91,Cloyster,Water,Ice,50,95,180,85,45,525,1,False,980
92,Gastly,Ghost,Poison,30,35,30,100,35,310,1,False,540
93,Haunter,Ghost,Poison,45,50,45,115,55,405,1,False,715
94,Gengar,Ghost,Poison,60,65,60,130,75,500,1,False,890
94,GengarMega Gengar,Ghost,Poison,60,65,80,170,95,600,1,False,1070
95,Onix,Rock,Ground,35,45,160,30,45,385,1,False,700
96,Drowzee,Psychic,,60,48,45,43,90,328,1,False,614
97,Hypno,Psychic,,85,73,70,73,115,483,1,False,899
98,Krabby,Water,,30,105,90,25,25,325,1,False,600
99,Kingler,Water,,55,130,115,50,50,475,1,False,875
100,Voltorb,Electric,,40,30,50,55,55,330,1,False,560
101,Electrode,Electric,,60,50,70,80,80,480,1,False,820
102,Exeggcute,Grass,Psychic,60,40,80,60,45,325,1,False,610
103,Exeggutor,Grass,Psychic,95,95,85,125,65,520,1,False,985
104,Cubone,Ground,,50,50,95,40,50,320,1,False,605
105,Marowak,Ground,,60,80,110,50,80,425,1,False,805
106,Hitmonlee,Fighting,,50,120,53,35,110,455,1,False,823
107,Hitmonchan,Fighting,,50,105,79,35,110,455,1,False,834
108,Lickitung,Normal,,90,55,75,60,75,385,1,False,740
109,Koffing,Poison,,40,65,95,60,45,340,1,False,645
110,Weezing,Poison,,65,90,120,85,70,490,1,False,920
111,Rhyhorn,Ground,Rock,80,85,95,30,30,345,1,False,665
112,Rhydon,Ground,Rock,105,130,120,45,45,485,1,False,930
113,Chansey,Normal,,250,5,5,35,105,450,1,False,850
114,Tangela,Grass,,65,55,115,100,40,435,1,False,810
115,Kangaskhan,Normal,,105,95,80,40,80,490,1,False,890
115,KangaskhanMega Kangaskhan,Normal,,105,125,100,60,100,590,1,False,1080
116,Horsea,Water,,30,40,70,70,25,295,1,False,530
117,Seadra,Water,,55,65,95,95,45,440,1,False,795
118,Goldeen,Water,,45,67,60,35,50,320,1,False,577
119,Seaking,Water,,80,92,65,65,80,450,1,False,832
120,Staryu,Water,,30,45,55,70,55,340,1,False,595
121,Starmie,Water,Psychic,60,75,85,100,85,520,1,False,925
122,Mr. Mime,Psychic,Fairy,40,45,65,100,120,460,1,False,830
123,Scyther,Bug,Flying,70,110,80,55,80,500,1,False,895
124,Jynx,Ice,Psychic,65,50,35,115,95,455,1,False,815
125,Electabuzz,Electric,,65,83,57,95,85,490,1,False,875
126,Magmar,Fire,,65,95,57,100,85,495,1,False,897
127,Pinsir,Bug,,65,125,100,55,70,500,1,False,915
127,PinsirMega Pinsir,Bug,Flying,65,155,120,65,90,600,1,False,1095
128,Tauros,Normal,,75,100,95,40,70,490,1,False,870
129,Magikarp,Water,,20,10,55,15,20,200,1,False,320
130,Gyarados,Water,Flying,95,125,79,60,100,540,1,False,999
130,GyaradosMega Gyarados,Water,Dark,95,155,109,70,130,640,1,False,1199
131,Lapras,Water,Ice,130,85,80,85,95,535,1,False,1010
132,Ditto,Normal,,48,48,48,48,48,288,1,False,528
133,Eevee,Normal,,55,55,50,45,65,325,1,False,595
134,Vaporeon,Water,,130,65,60,110,95,525,1,False,985
135,Jolteon,Electric,,65,65,60,110,95,525,1,False,920
136,Flareon,Fire,,65,130,60,95,110,525,1,False,985
137,Porygon,Normal,,65,60,70,85,75,395,1,False,750
138,Omanyte,Rock,Water,35,40,100,90,55,355,1,False,675
139,Omastar,Rock,Water,70,60,125,115,70,495,1,False,935
140,Kabuto,Rock,Water,30,80,90,55,45,355,1,False,655
141,Kabutops,Rock,Water,60,115,105,65,70,495,1,False,910
142,Aerodactyl,Rock,Flying,80,105,65,60,75,515,1,False,900
142,AerodactylMega Aerodactyl,Rock,Flying,80,135,85,70,95,615,1,False,1080
143,Snorlax,Normal,,160,110,65,65,110,540,1,False,1050
144,Articuno,Ice,Flying,90,85,100,95,125,580,1,True,1075
145,Zapdos,Electric,Flying,90,90,85,125,90,580,1,True,1060
146,Moltres,Fire,Flying,90,100,90,125,85,580,1,True,1070
147,Dratini,Dragon,,41,64,45,50,50,300,1,False,550
148,Dragonair,Dragon,,61,84,65,70,70,420,1,False,770
149,Dragonite,Dragon,Flying,91,134,95,100,100,600,1,False,1120
150,Mewtwo,Psychic,,106,110,90,154,90,680,1,True,1230
150,MewtwoMega Mewtwo X,Psychic,Fighting,106,190,100,154,100,780,1,True,1430
150,MewtwoMega Mewtwo Y,Psychic,,106,150,70,194,120,780,1,True,1420
151,Mew,Psychic,,100,100,100,100,100,600,1,False,1100
152,Chikorita,Grass,,45,49,65,49,65,318,2,False,591
153,Bayleef,Grass,,60,62,80,63,80,405,2,False,750
154,Meganium,Grass,,80,82,100,83,100,525,2,False,970
155,Cyndaquil,Fire,,39,52,43,60,50,309,2,False,553
156,Quilava,Fire,,58,64,58,80,65,405,2,False,730
157,Typhlosion,Fire,,78,84,78,109,85,534,2,False,968
158,Totodile,Water,,50,65,64,44,48,314,2,False,585
159,Croconaw,Water,,65,80,80,59,63,405,2,False,752
160,Feraligatr,Water,,85,105,100,79,83,530,2,False,982
161,Sentret,Normal,,35,46,34,35,45,215,2,False,410
162,Furret,Normal,,85,76,64,45,55,415,2,False,740
163,Hoothoot,Normal,Flying,60,30,30,36,56,262,2,False,474
164,Noctowl,Normal,Flying,100,50,50,76,96,442,2,False,814
165,Ledyba,Bug,Flying,40,20,30,40,80,265,2,False,475
166,Ledian,Bug,Flying,55,35,50,55,110,390,2,False,695
167,Spinarak,Bug,Poison,40,60,40,40,40,250,2,False,470
168,Ariados,Bug,Poison,70,90,70,60,60,390,2,False,740
169,Crobat,Poison,Flying,85,90,80,70,80,535,2,False,940
170,Chinchou,Water,Electric,75,38,38,56,56,330,2,False,593
171,Lanturn,Water,Electric,125,58,58,76,76,460,2,False,853
172,Pichu,Electric,,20,40,15,35,35,205,2,False,350
173,Cleffa,Fairy,,50,25,28,45,55,218,2,False,421
174,Igglybuff,Normal,Fairy,90,30,15,40,20,210,2,False,405
175,Togepi,Fairy,,35,20,65,40,65,245,2,False,470
176,Togetic,Fairy,Flying,55,40,85,80,105,405,2,False,770
177,Natu,Psychic,Flying,40,50,45,70,45,320,2,False,570
178,Xatu,Psychic,Flying,65,75,70,95,70,470,2,False,845
179,Mareep,Electric,,55,40,40,65,45,280,2,False,525
180,Flaaffy,Electric,,70,55,55,80,60,365,2,False,685
181,Ampharos,Electric,,90,75,85,115,90,510,2,False,965
181,AmpharosMega Ampharos,Electric,Dragon,90,95,105,165,110,610,2,False,1175
182,Bellossom,Grass,,75,80,95,90,100,490,2,False,930
183,Marill,Water,Fairy,70,20,50,20,50,250,2,False,460
184,Azumarill,Water,Fairy,100,50,80,60,80,420,2,False,790
185,Sudowoodo,Rock,,70,100,115,30,65,410,2,False,790
186,Politoed,Water,,90,75,75,90,100,500,2,False,930
187,Hoppip,Grass,Flying,35,35,40,35,55,250,2,False,450
188,Skiploom,Grass,Flying,55,45,50,45,65,340,2,False,600
189,Jumpluff,Grass,Flying,75,55,70,55,95,460,2,False,810
190,Aipom,Normal,,55,70,55,40,55,360,2,False,635
191,Sunkern,Grass,,30,30,30,30,30,180,2,False,330
192,Sunflora,Grass,,75,75,55,105,85,425,2,False,820
193,Yanma,Bug,Flying,65,65,45,75,45,390,2,False,685
194,Wooper,Water,Ground,55,45,45,25,25,210,2,False,405
195,Quagsire,Water,Ground,95,85,85,65,65,430,2,False,825
196,Espeon,Psychic,,65,65,60,130,95,525,2,False,940
197,Umbreon,Dark,,95,65,110,60,130,525,2,False,985
198,Murkrow,Dark,Flying,60,85,42,85,42,405,2,False,719
199,Slowking,Water,Psychic,95,75,80,100,110,490,2,False,950
200,Misdreavus,Ghost,,60,60,60,85,85,435,2,False,785
201,Unown,Psychic,,48,72,48,72,48,336,2,False,624
202,Wobbuffet,Psychic,,190,33,58,33,58,405,2,False,777
203,Girafarig,Normal,Psychic,70,80,65,90,65,455,2,False,825
204,Pineco,Bug,,50,65,90,35,35,290,2,False,565
205,Forretress,Bug,Steel,75,90,140,60,60,465,2,False,890
206,Dunsparce,Normal,,100,70,70,65,65,415,2,False,785
207,Gligar,Ground,Flying,65,75,105,35,65,430,2,False,775
208,Steelix,Steel,Ground,75,85,200,55,65,510,2,False,990
208,SteelixMega Steelix,Steel,Ground,75,125,230,55,95,610,2,False,1190
209,Snubbull,Fairy,,60,80,50,40,40,300,2,False,570
210,Granbull,Fairy,,90,120,75,60,60,450,2,False,855
211,Qwilfish,Water,Poison,65,95,75,55,55,430,2,False,775
212,Scizor,Bug,Steel,70,130,100,55,80,500,2,False,935
212,ScizorMega Scizor,Bug,Steel,70,150,140,65,100,600,2,False,1125
213,Shuckle,Bug,Rock,20,10,230,10,230,505,2,False,1005
214,Heracross,Bug,Fighting,80,125,75,40,95,500,2,False,915
214,HeracrossMega Heracross,Bug,Fighting,80,185,115,40,105,600,2,False,1125
215,Sneasel,Dark,Ice,55,95,55,35,75,430,2,False,745
216,Teddiursa,Normal,,60,80,50,50,50,330,2,False,620
217,Ursaring,Normal,,90,130,75,75,75,500,2,False,945
218,Slugma,Fire,,40,40,40,70,40,250,2,False,480
219,Magcargo,Fire,Rock,50,50,120,80,80,410,2,False,790
220,Swinub,Ice,Ground,50,50,40,30,30,250,2,False,450
221,Piloswine,Ice,Ground,100,100,80,60,60,450,2,False,850
222,Corsola,Water,Rock,55,55,85,65,85,380,2,False,725
223,Remoraid,Water,,35,65,35,65,35,300,2,False,535
224,Octillery,Water,,75,105,75,105,75,480,2,False,915
225,Delibird,Ice,Flying,45,55,45,65,45,330,2,False,585
226,Mantine,Water,Flying,65,40,70,80,140,465,2,False,860
227,Skarmory,Steel,Flying,65,80,140,40,70,465,2,False,860
228,Houndour,Dark,Fire,45,60,30,80,50,330,2,False,595
229,Houndoom,Dark,Fire,75,90,50,110,80,500,2,False,905
229,HoundoomMega Houndoom,Dark,Fire,75,90,90,140,90,600,2,False,1085
230,Kingdra,Water,Dragon,75,95,95,95,95,540,2,False,995
231,Phanpy,Ground,,90,60,60,40,40,330,2,False,620
232,Donphan,Ground,,90,120,120,60,60,500,2,False,950
233,Porygon2,Normal,,85,80,90,105,95,515,2,False,970
234,Stantler,Normal,,73,95,62,85,65,465,2,False,845
235,Smeargle,Normal,,55,20,35,20,45,250,2,False,425
236,Tyrogue,Fighting,,35,35,35,35,35,210,2,False,385
237,Hitmontop,Fighting,,50,95,95,35,110,455,2,False,840
238,Smoochum,Ice,Psychic,45,30,15,85,65,305,2,False,545
239,Elekid,Electric,,45,63,37,65,55,360,2,False,625
240,Magby,Fire,,45,75,37,70,55,365,2,False,647
241,Miltank,Normal,,95,80,105,40,70,490,2,False,880
242,Blissey,Normal,,255,10,10,75,135,540,2,False,1025
243,Raikou,Electric,,90,85,75,115,100,580,2,True,1045
244,Entei,Fire,,115,115,85,90,75,580,2,True,1060
245,Suicune,Water,,100,75,115,90,115,580,2,True,1075
246,Larvitar,Rock,Ground,50,64,50,45,50,300,2,False,559
247,Pupitar,Rock,Ground,70,84,70,65,70,410,2,False,769
248,Tyranitar,Rock,Dark,100,134,110,95,100,600,2,False,1139
248,TyranitarMega Tyranitar,Rock,Dark,100,164,150,95,120,700,2,False,1329
249,Lugia,Psychic,Flying,106,90,130,90,154,680,2,True,1250
250,Ho-oh,Fire,Flying,106,130,90,110,154,680,2,True,1270
251,Celebi,Psychic,Grass,100,100,100,100,100,600,2,False,1100
252,Treecko,Grass,,40,45,35,65,55,310,3,False,550
253,Grovyle,Grass,,50,65,45,85,65,405,3,False,715
254,Sceptile,Grass,,70,85,65,105,85,530,3,False,940
254,SceptileMega Sceptile,Grass,Dragon,70,110,75,145,85,630,3,False,1115
255,Torchic,Fire,,45,60,40,70,50,310,3,False,575
256,Combusken,Fire,Fighting,60,85,60,85,60,405,3,False,755
257,Blaziken,Fire,Fighting,80,120,70,110,70,530,3,False,980
257,BlazikenMega Blaziken,Fire,Fighting,80,160,80,130,80,630,3,False,1160
258,Mudkip,Water,,50,70,50,50,50,310,3,False,580
259,Marshtomp,Water,Ground,70,85,70,60,70,405,3,False,760
260,Swampert,Water,Ground,100,110,90,85,90,535,3,False,1010
260,SwampertMega Swampert,Water,Ground,100,150,110,95,110,635,3,False,1200
261,Poochyena,Dark,,35,55,35,30,30,220,3,False,405
262,Mightyena,Dark,,70,90,70,60,60,420,3,False,770
263,Zigzagoon,Normal,,38,30,41,30,41,240,3,False,420
264,Linoone,Normal,,78,70,61,50,61,420,3,False,740
265,Wurmple,Bug,,45,45,35,20,30,195,3,False,370
266,Silcoon,Bug,,50,35,55,25,25,205,3,False,395
267,Beautifly,Bug,Flying,60,70,50,100,50,395,3,False,725
268,Cascoon,Bug,,50,35,55,25,25,205,3,False,395
269,Dustox,Bug,Poison,60,50,70,50,90,385,3,False,705
270,Lotad,Water,Grass,40,30,30,40,50,220,3,False,410
271,Lombre,Water,Grass,60,50,50,60,70,340,3,False,630
272,Ludicolo,Water,Grass,80,70,70,90,100,480,3,False,890
273,Seedot,Grass,,40,40,50,30,30,220,3,False,410
274,Nuzleaf,Grass,Dark,70,70,40,60,40,340,3,False,620
275,Shiftry,Grass,Dark,90,100,60,90,60,480,3,False,880
276,Taillow,Normal,Flying,40,55,30,30,30,270,3,False,455
277,Swellow,Normal,Flying,60,85,60,50,50,430,3,False,735
278,Wingull,Water,Flying,40,30,30,55,30,270,3,False,455
279,Pelipper,Water,Flying,60,50,100,85,70,430,3,False,795
280,Ralts,Psychic,Fairy,28,25,25,45,35,198,3,False,356
281,Kirlia,Psychic,Fairy,38,35,35,65,55,278,3,False,506
282,Gardevoir,Psychic,Fairy,68,65,65,125,115,518,3,False,956
282,GardevoirMega Gardevoir,Psychic,Fairy,68,85,65,165,135,618,3,False,1136
283,Surskit,Bug,Water,40,30,32,50,52,269,3,False,473
284,Masquerain,Bug,Flying,70,60,62,80,82,414,3,False,768
285,Shroomish,Grass,,60,40,60,40,60,295,3,False,555
286,Breloom,Grass,Fighting,60,130,80,60,60,460,3,False,850
287,Slakoth,Normal,,60,60,60,35,35,280,3,False,530
288,Vigoroth,Normal,,80,80,80,55,55,440,3,False,790
289,Slaking,Normal,,150,160,100,95,65,670,3,False,1240
290,Nincada,Bug,Ground,31,45,90,30,30,266,3,False,492
291,Ninjask,Bug,Flying,61,90,45,50,50,456,3,False,752
292,Shedinja,Bug,Ghost,1,90,45,30,30,236,3,False,432
293,Whismur,Normal,,64,51,23,51,23,240,3,False,452
294,Loudred,Normal,,84,71,43,71,43,360,3,False,672
295,Exploud,Normal,,104,91,63,91,73,490,3,False,912
296,Makuhita,Fighting,,72,60,30,20,30,237,3,False,449
297,Hariyama,Fighting,,144,120,60,40,60,474,3,False,898
298,Azurill,Normal,Fairy,50,20,40,20,40,190,3,False,360
299,Nosepass,Rock,,30,45,135,45,90,375,3,False,720
300,Skitty,Normal,,50,45,45,35,35,260,3,False,470
301,Delcatty,Normal,,70,65,65,55,55,380,3,False,690
302,Sableye,Dark,Ghost,50,75,75,65,65,380,3,False,710
302,SableyeMega Sableye,Dark,Ghost,50,85,125,85,115,480,3,False,940
303,Mawile,Steel,Fairy,50,85,85,55,55,380,3,False,710
303,MawileMega Mawile,Steel,Fairy,50,105,125,55,95,480,3,False,910
304,Aron,Steel,Rock,50,70,100,40,40,330,3,False,630
305,Lairon,Steel,Rock,60,90,140,50,50,430,3,False,820
306,Aggron,Steel,Rock,70,110,180,60,60,530,3,False,1010
306,AggronMega Aggron,Steel,,70,140,230,60,80,630,3,False,1210
307,Meditite,Fighting,Psychic,30,40,55,40,55,280,3,False,500
308,Medicham,Fighting,Psychic,60,60,75,60,75,410,3,False,740
308,MedichamMega Medicham,Fighting,Psychic,60,100,85,80,85,510,3,False,920
309,Electrike,Electric,,40,45,40,65,40,295,3,False,525
310,Manectric,Electric,,70,75,60,105,60,475,3,False,845
310,ManectricMega Manectric,Electric,,70,75,80,135,80,575,3,False,1015
311,Plusle,Electric,,60,50,40,85,75,405,3,False,715
312,Minun,Electric,,60,40,50,75,85,405,3,False,715
313,Volbeat,Bug,,65,73,55,47,75,400,3,False,715
314,Illumise,Bug,,65,47,55,73,75,400,3,False,715
315,Roselia,Grass,Poison,50,60,45,100,80,400,3,False,735
316,Gulpin,Poison,,70,43,53,43,53,302,3,False,564
317,Swalot,Poison,,100,73,83,73,83,467,3,False,879
318,Carvanha,Water,Dark,45,90,20,65,20,305,3,False,545
319,Sharpedo,Water,Dark,70,120,40,95,40,460,3,False,825
319,SharpedoMega Sharpedo,Water,Dark,70,140,70,110,65,560,3,False,1015
320,Wailmer,Water,,130,70,35,70,35,400,3,False,740
321,Wailord,Water,,170,90,45,90,45,500,3,False,940
322,Numel,Fire,Ground,60,60,40,65,45,305,3,False,575
323,Camerupt,Fire,Ground,70,100,70,105,75,460,3,False,880
323,CameruptMega Camerupt,Fire,Ground,70,120,100,145,105,560,3,False,1100
324,Torkoal,Fire,,70,85,140,85,70,470,3,False,920
325,Spoink,Psychic,,60,25,35,70,80,330,3,False,600
326,Grumpig,Psychic,,80,45,65,90,110,470,3,False,860
327,Spinda,Normal,,60,60,60,60,60,360,3,False,660
328,Trapinch,Ground,,45,100,45,45,45,290,3,False,570
329,Vibrava,Ground,Dragon,50,70,50,50,50,340,3,False,610
330,Flygon,Ground,Dragon,80,100,80,80,80,520,3,False,940
331,Cacnea,Grass,,50,85,40,85,40,335,3,False,635
332,Cacturne,Grass,Dark,70,115,60,115,60,475,3,False,895
333,Swablu,Normal,Flying,45,40,60,40,75,310,3,False,570
334,Altaria,Dragon,Flying,75,70,90,70,105,490,3,False,900
334,AltariaMega Altaria,Dragon,Fairy,75,110,110,110,105,590,3,False,1100
335,Zangoose,Normal,,73,115,60,60,60,458,3,False,826
336,Seviper,Poison,,73,100,60,100,60,458,3,False,851
337,Lunatone,Rock,Psychic,70,55,65,95,85,440,3,False,810
338,Solrock,Rock,Psychic,70,95,85,55,65,440,3,False,810
339,Barboach,Water,Ground,50,48,43,46,41,288,3,False,516
340,Whiscash,Water,Ground,110,78,73,76,71,468,3,False,876
341,Corphish,Water,,43,80,65,50,35,308,3,False,581
342,Crawdaunt,Water,Dark,63,120,85,90,55,468,3,False,881
343,Baltoy,Ground,Psychic,40,40,55,40,70,300,3,False,545
344,Claydol,Ground,Psychic,60,70,105,70,120,500,3,False,925
345,Lileep,Rock,Grass,66,41,77,61,87,355,3,False,687
346,Cradily,Rock,Grass,86,81,97,81,107,495,3,False,947
347,Anorith,Rock,Bug,45,95,50,40,50,355,3,False,635
348,Armaldo,Rock,Bug,75,125,100,70,80,495,3,False,945
349,Feebas,Water,,20,15,20,10,55,200,3,False,320
350,Milotic,Water,,95,60,79,100,125,540,3,False,999
351,Castform,Normal,,70,70,70,70,70,420,3,False,770
352,Kecleon,Normal,,60,90,70,60,120,440,3,False,840
353,Shuppet,Ghost,,44,75,35,63,33,295,3,False,545
354,Banette,Ghost,,64,115,65,83,63,455,3,False,845
354,BanetteMega Banette,Ghost,,64,165,75,93,83,555,3,False,1035
355,Duskull,Ghost,,20,40,90,30,90,295,3,False,565
356,Dusclops,Ghost,,40,70,130,60,130,455,3,False,885
357,Tropius,Grass,Flying,99,68,83,72,87,460,3,False,869
358,Chimecho,Psychic,,65,50,70,95,80,425,3,False,785
359,Absol,Dark,,65,130,60,75,60,465,3,False,855
359,AbsolMega Absol,Dark,,65,150,60,115,60,565,3,False,1015
360,Wynaut,Psychic,,95,23,48,23,48,260,3,False,497
361,Snorunt,Ice,,50,50,50,50,50,300,3,False,550
362,Glalie,Ice,,80,80,80,80,80,480,3,False,880
362,GlalieMega Glalie,Ice,,80,120,80,120,80,580,3,False,1060
363,Spheal,Ice,Water,70,40,50,55,50,290,3,False,555
364,Sealeo,Ice,Water,90,60,70,75,70,410,3,False,775
365,Walrein,Ice,Water,110,80,90,95,90,530,3,False,995
366,Clamperl,Water,,35,64,85,74,55,345,3,False,658
367,Huntail,Water,,55,104,105,94,75,485,3,False,918
368,Gorebyss,Water,,55,84,105,114,75,485,3,False,918
369,Relicanth,Water,Rock,100,90,130,45,65,485,3,False,915
370,Luvdisc,Water,,43,30,55,40,65,330,3,False,563
371,Bagon,Dragon,,45,75,60,40,30,300,3,False,550
372,Shelgon,Dragon,,65,95,100,60,50,420,3,False,790
373,Salamence,Dragon,Flying,95,135,80,110,80,600,3,False,1100
373,SalamenceMega Salamence,Dragon,Flying,95,145,130,120,90,700,3,False,1280
374,Beldum,Steel,Psychic,40,55,80,35,60,300,3,False,570
375,Metang,Steel,Psychic,60,75,100,55,80,420,3,False,790
376,Metagross,Steel,Psychic,80,135,130,95,90,600,3,False,1130
376,MetagrossMega Metagross,Steel,Psychic,80,145,150,105,110,700,3,False,1290
377,Regirock,Rock,,80,100,200,50,100,580,3,True,1110
378,Regice,Ice,,80,50,100,100,200,580,3,True,1110
379,Registeel,Steel,,80,75,150,75,150,580,3,True,1110
380,Latias,Dragon,Psychic,80,80,90,110,130,600,3,True,1090
380,LatiasMega Latias,Dragon,Psychic,80,100,120,140,150,700,3,True,1290
381,Latios,Dragon,Psychic,80,90,80,130,110,600,3,True,1090
381,LatiosMega Latios,Dragon,Psychic,80,130,100,160,120,700,3,True,1290
382,Kyogre,Water,,100,100,90,150,140,670,3,True,1250
382,KyogrePrimal Kyogre,Water,,100,150,90,180,160,770,3,True,1450
383,Groudon,Ground,,100,150,140,100,90,670,3,True,1250
383,GroudonPrimal Groudon,Ground,Fire,100,180,160,150,90,770,3,True,1450
384,Rayquaza,Dragon,Flying,105,150,90,150,90,680,3,True,1265
384,RayquazaMega Rayquaza,Dragon,Flying,105,180,100,180,100,780,3,True,1445
385,Jirachi,Steel,Psychic,100,100,100,100,100,600,3,True,1100
386,DeoxysNormal Forme,Psychic,,50,150,50,150,50,600,3,True,1050
386,DeoxysAttack Forme,Psychic,,50,180,20,180,20,600,3,True,1050
386,DeoxysDefense Forme,Psychic,,50,70,160,70,160,600,3,True,1110
386,DeoxysSpeed Forme,Psychic,,50,95,90,95,90,600,3,True,1020
387,Turtwig,Grass,,55,68,64,45,55,318,4,False,605
388,Grotle,Grass,,75,89,85,55,65,405,4,False,774
389,Torterra,Grass,Ground,95,109,105,75,85,525,4,False,994
390,Chimchar,Fire,,44,58,44,58,44,309,4,False,557
391,Monferno,Fire,Fighting,64,78,52,78,52,405,4,False,729
392,Infernape,Fire,Fighting,76,104,71,104,71,534,4,False,960
393,Piplup,Water,,53,51,53,61,56,314,4,False,588
394,Prinplup,Water,,64,66,68,81,76,405,4,False,760
395,Empoleon,Water,Steel,84,86,88,111,101,530,4,False,1000
396,Starly,Normal,Flying,40,55,30,30,30,245,4,False,430
397,Staravia,Normal,Flying,55,75,50,40,40,340,4,False,600
398,Staraptor,Normal,Flying,85,120,70,50,60,485,4,False,870
399,Bidoof,Normal,,59,45,40,35,40,250,4,False,469
400,Bibarel,Normal,Water,79,85,60,55,60,410,4,False,749
401,Kricketot,Bug,,37,25,41,25,41,194,4,False,363
402,Kricketune,Bug,,77,85,51,55,51,384,4,False,703
403,Shinx,Electric,,45,65,34,40,34,263,4,False,481
404,Luxio,Electric,,60,85,49,60,49,363,4,False,666
405,Luxray,Electric,,80,120,79,95,79,523,4,False,976
406,Budew,Grass,Poison,40,30,35,50,70,280,4,False,505
407,Roserade,Grass,Poison,60,70,65,125,105,515,4,False,940
408,Cranidos,Rock,,67,125,40,30,30,350,4,False,642
409,Rampardos,Rock,,97,165,60,65,50,495,4,False,932
410,Shieldon,Rock,Steel,30,42,118,42,88,350,4,False,670
411,Bastiodon,Rock,Steel,60,52,168,47,138,495,4,False,960
412,Burmy,Bug,,40,29,45,29,45,224,4,False,412
413,WormadamPlant Cloak,Bug,Grass,60,59,85,79,105,424,4,False,812
413,WormadamSandy Cloak,Bug,Ground,60,79,105,59,85,424,4,False,812
413,WormadamTrash Cloak,Bug,Steel,60,69,95,69,95,424,4,False,812
414,Mothim,Bug,Flying,70,94,50,94,50,424,4,False,782
415,Combee,Bug,Flying,30,30,42,30,42,244,4,False,418
416,Vespiquen,Bug,Flying,70,80,102,80,102,474,4,False,908
417,Pachirisu,Electric,,60,45,70,45,90,405,4,False,715
418,Buizel,Water,,55,65,35,60,30,330,4,False,575
419,Floatzel,Water,,85,105,55,85,50,495,4,False,875
420,Cherubi,Grass,,45,35,45,62,53,275,4,False,515
421,Cherrim,Grass,,70,60,70,87,78,450,4,False,815
422,Shellos,Water,,76,48,48,57,62,325,4,False,616
423,Gastrodon,Water,Ground,111,83,68,92,82,475,4,False,911
424,Ambipom,Normal,,75,100,66,60,66,482,4,False,849
425,Drifloon,Ghost,Flying,90,50,34,60,44,348,4,False,626
426,Drifblim,Ghost,Flying,150,80,44,90,54,498,4,False,916
427,Buneary,Normal,,55,66,44,44,56,350,4,False,615
428,Lopunny,Normal,,65,76,84,54,96,480,4,False,855
428,LopunnyMega Lopunny,Normal,Fighting,65,136,94,54,96,580,4,False,1025
429,Mismagius,Ghost,,60,60,60,105,105,495,4,False,885
430,Honchkrow,Dark,Flying,100,125,52,105,52,505,4,False,939
431,Glameow,Normal,,49,55,42,42,37,310,4,False,535
432,Purugly,Normal,,71,82,64,64,59,452,4,False,792
433,Chingling,Psychic,,45,30,50,65,50,285,4,False,525
434,Stunky,Poison,Dark,63,63,47,41,41,329,4,False,584
435,Skuntank,Poison,Dark,103,93,67,71,61,479,4,False,874
436,Bronzor,Steel,Psychic,57,24,86,24,86,300,4,False,577
437,Bronzong,Steel,Psychic,67,89,116,79,116,500,4,False,967
438,Bonsly,Rock,,50,80,95,10,45,290,4,False,570
439,Mime Jr.,Psychic,Fairy,20,25,45,70,90,310,4,False,560
440,Happiny,Normal,,100,5,5,15,65,220,4,False,410
441,Chatot,Normal,Flying,76,65,45,92,42,411,4,False,731
442,Spiritomb,Ghost,Dark,50,92,108,92,108,485,4,False,935
443,Gible,Dragon,Ground,58,70,45,40,45,300,4,False,558
444,Gabite,Dragon,Ground,68,90,65,50,55,410,4,False,738
445,Garchomp,Dragon,Ground,108,130,95,80,85,600,4,False,1098
445,GarchompMega Garchomp,Dragon,Ground,108,170,115,120,95,700,4,False,1308
446,Munchlax,Normal,,135,85,40,40,85,390,4,False,775
447,Riolu,Fighting,,40,70,40,35,40,285,4,False,510
448,Lucario,Fighting,Steel,70,110,70,115,70,525,4,False,960
448,LucarioMega Lucario,Fighting,Steel,70,145,88,140,70,625,4,False,1138
449,Hippopotas,Ground,,68,72,78,38,42,330,4,False,628
450,Hippowdon,Ground,,108,112,118,68,72,525,4,False,1003
451,Skorupi,Poison,Bug,40,50,90,30,55,330,4,False,595
452,Drapion,Poison,Dark,70,90,110,60,75,500,4,False,905
453,Croagunk,Poison,Fighting,48,61,40,61,40,300,4,False,550
454,Toxicroak,Poison,Fighting,83,106,65,86,65,490,4,False,895
455,Carnivine,Grass,,74,100,72,90,72,454,4,False,862
456,Finneon,Water,,49,49,56,49,61,330,4,False,594
457,Lumineon,Water,,69,69,76,69,86,460,4,False,829
458,Mantyke,Water,Flying,45,20,50,60,120,345,4,False,640
459,Snover,Grass,Ice,60,62,50,62,60,334,4,False,628
460,Abomasnow,Grass,Ice,90,92,75,92,85,494,4,False,928
460,AbomasnowMega Abomasnow,Grass,Ice,90,132,105,132,105,594,4,False,1158
461,Weavile,Dark,Ice,70,120,65,45,85,510,4,False,895
462,Magnezone,Electric,Steel,70,70,115,130,90,535,4,False,1010
463,Lickilicky,Normal,,110,85,95,80,95,515,4,False,980
464,Rhyperior,Ground,Rock,115,140,130,55,55,535,4,False,1030
465,Tangrowth,Grass,,100,100,125,110,50,535,4,False,1020
466,Electivire,Electric,,75,123,67,95,85,540,4,False,985
467,Magmortar,Fire,,75,95,67,125,95,540,4,False,997
468,Togekiss,Fairy,Flying,85,50,95,120,115,545,4,False,1010
469,Yanmega,Bug,Flying,86,76,86,116,56,515,4,False,935
470,Leafeon,Grass,,65,110,130,60,65,525,4,False,955
471,Glaceon,Ice,,65,60,110,130,95,525,4,False,985
472,Gliscor,Ground,Flying,75,95,125,45,75,510,4,False,925
473,Mamoswine,Ice,Ground,110,130,80,70,60,530,4,False,980
474,Porygon-Z,Normal,,85,80,70,135,75,535,4,False,980
475,Gallade,Psychic,Fighting,68,125,65,65,115,518,4,False,956
475,GalladeMega Gallade,Psychic,Fighting,68,165,95,65,115,618,4,False,1126
476,Probopass,Rock,Steel,60,55,145,75,150,525,4,False,1010
477,Dusknoir,Ghost,,45,100,135,65,135,525,4,False,1005
478,Froslass,Ice,Ghost,70,80,70,80,70,480,4,False,850
479,Rotom,Electric,Ghost,50,50,77,95,77,440,4,False,789
479,RotomHeat Rotom,Electric,Fire,50,65,107,105,107,520,4,False,954
479,RotomWash Rotom,Electric,Water,50,65,107,105,107,520,4,False,954
479,RotomFrost Rotom,Electric,Ice,50,65,107,105,107,520,4,False,954
479,RotomFan Rotom,Electric,Flying,50,65,107,105,107,520,4,False,954
479,RotomMow Rotom,Electric,Grass,50,65,107,105,107,520,4,False,954
480,Uxie,Psychic,,75,75,130,75,130,580,4,True,1065
481,Mesprit,Psychic,,80,105,105,105,105,580,4,True,1080
482,Azelf,Psychic,,75,125,70,125,70,580,4,True,1045
483,Dialga,Steel,Dragon,100,120,120,150,100,680,4,True,1270
484,Palkia,Water,Dragon,90,120,100,150,120,680,4,True,1260
485,Heatran,Fire,Steel,91,90,106,130,106,600,4,True,1123
486,Regigigas,Normal,,110,160,110,80,110,670,4,True,1240
487,GiratinaAltered Forme,Ghost,Dragon,150,100,120,100,120,680,4,True,1270
487,GiratinaOrigin Forme,Ghost,Dragon,150,120,100,120,100,680,4,True,1270
488,Cresselia,Psychic,,120,70,120,75,130,600,4,False,1115
489,Phione,Water,,80,80,80,80,80,480,4,False,880
490,Manaphy,Water,,100,100,100,100,100,600,4,False,1100
491,Darkrai,Dark,,70,90,90,135,90,600,4,True,1075
492,ShayminLand Forme,Grass,,100,100,100,100,100,600,4,True,1100
492,ShayminSky Forme,Grass,Flying,100,103,75,120,75,600,4,True,1073
493,Arceus,Normal,,120,120,120,120,120,720,4,True,1320
494,Victini,Psychic,Fire,100,100,100,100,100,600,5,True,1100
495,Snivy,Grass,,45,45,55,45,55,308,5,False,553
496,Servine,Grass,,60,60,75,60,75,413,5,False,743
497,Serperior,Grass,,75,75,95,75,95,528,5,False,943
498,Tepig,Fire,,65,63,45,45,45,308,5,False,571
499,Pignite,Fire,Fighting,90,93,55,70,55,418,5,False,781
500,Emboar,Fire,Fighting,110,123,65,100,65,528,5,False,991
501,Oshawott,Water,,55,55,45,63,45,308,5,False,571
502,Dewott,Water,,75,75,60,83,60,413,5,False,766
503,Samurott,Water,,95,100,85,108,70,528,5,False,986
504,Patrat,Normal,,45,55,39,35,39,255,5,False,468
505,Watchog,Normal,,60,85,69,60,69,420,5,False,763
506,Lillipup,Normal,,45,60,45,25,45,275,5,False,495
507,Herdier,Normal,,65,80,65,35,65,370,5,False,680
508,Stoutland,Normal,,85,110,90,45,90,500,5,False,920
509,Purrloin,Dark,,41,50,37,50,37,281,5,False,496
510,Liepard,Dark,,64,88,50,88,50,446,5,False,786
511,Pansage,Grass,,50,53,48,53,48,316,5,False,568
512,Simisage,Grass,,75,98,63,98,63,498,5,False,895
513,Pansear,Fire,,50,53,48,53,48,316,5,False,568
514,Simisear,Fire,,75,98,63,98,63,498,5,False,895
515,Panpour,Water,,50,53,48,53,48,316,5,False,568
516,Simipour,Water,,75,98,63,98,63,498,5,False,895
517,Munna,Psychic,,76,25,45,67,55,292,5,False,560
518,Musharna,Psychic,,116,55,85,107,95,487,5,False,945
519,Pidove,Normal,Flying,50,55,50,36,30,264,5,False,485
520,Tranquill,Normal,Flying,62,77,62,50,42,358,5,False,651
521,Unfezant,Normal,Flying,80,115,80,65,55,488,5,False,883
522,Blitzle,Electric,,45,60,32,50,32,295,5,False,514
523,Zebstrika,Electric,,75,100,63,80,63,497,5,False,878
524,Roggenrola,Rock,,55,75,85,25,25,280,5,False,545
525,Boldore,Rock,,70,105,105,50,40,390,5,False,760
526,Gigalith,Rock,,85,135,130,60,80,515,5,False,1005
527,Woobat,Psychic,Flying,55,45,43,55,43,313,5,False,554
528,Swoobat,Psychic,Flying,67,57,55,77,55,425,5,False,736
529,Drilbur,Ground,,60,85,40,30,45,328,5,False,588
530,Excadrill,Ground,Steel,110,135,60,50,65,508,5,False,928
531,Audino,Normal,,103,60,86,60,86,445,5,False,840
531,AudinoMega Audino,Normal,Fairy,103,60,126,80,126,545,5,False,1040
532,Timburr,Fighting,,75,80,55,25,35,305,5,False,575
533,Gurdurr,Fighting,,85,105,85,40,50,405,5,False,770
534,Conkeldurr,Fighting,,105,140,95,55,65,505,5,False,965
535,Tympole,Water,,50,50,40,50,40,294,5,False,524
536,Palpitoad,Water,Ground,75,65,55,65,55,384,5,False,699
537,Seismitoad,Water,Ground,105,95,75,85,75,509,5,False,944
538,Throh,Fighting,,120,100,85,30,85,465,5,False,885
539,Sawk,Fighting,,75,125,75,30,75,465,5,False,845
540,Sewaddle,Bug,Grass,45,53,70,40,60,310,5,False,578
541,Swadloon,Bug,Grass,55,63,90,50,80,380,5,False,718
542,Leavanny,Bug,Grass,75,103,80,70,80,500,5,False,908
543,Venipede,Bug,Poison,30,45,59,30,39,260,5,False,463
544,Whirlipede,Bug,Poison,40,55,99,40,79,360,5,False,673
545,Scolipede,Bug,Poison,60,100,89,55,69,485,5,False,858
546,Cottonee,Grass,Fairy,40,27,60,37,50,280,5,False,494
547,Whimsicott,Grass,Fairy,60,67,85,77,75,480,5,False,844
548,Petilil,Grass,,45,35,50,70,50,280,5,False,530
549,Lilligant,Grass,,70,60,75,110,75,480,5,False,870
550,Basculin,Water,,70,92,65,80,55,460,5,False,822
551,Sandile,Ground,Dark,50,72,35,35,35,292,5,False,519
552,Krokorok,Ground,Dark,60,82,45,45,45,351,5,False,628
553,Krookodile,Ground,Dark,95,117,80,65,70,519,5,False,946
554,Darumaka,Fire,,70,90,45,15,45,315,5,False,580
555,DarmanitanStandard Mode,Fire,,105,140,55,30,55,480,5,False,865
555,DarmanitanZen Mode,Fire,Psychic,105,30,105,140,105,540,5,False,1025
556,Maractus,Grass,,75,86,67,106,67,461,5,False,862
557,Dwebble,Bug,Rock,50,65,85,35,35,325,5,False,595
558,Crustle,Bug,Rock,70,95,125,65,75,475,5,False,905
559,Scraggy,Dark,Fighting,50,75,70,35,70,348,5,False,648
560,Scrafty,Dark,Fighting,65,90,115,45,115,488,5,False,918
561,Sigilyph,Psychic,Flying,72,58,80,103,80,490,5,False,883
562,Yamask,Ghost,,38,30,85,55,65,303,5,False,576
563,Cofagrigus,Ghost,,58,50,145,95,105,483,5,False,936
564,Tirtouga,Water,Rock,54,78,103,53,45,355,5,False,688
565,Carracosta,Water,Rock,74,108,133,83,65,495,5,False,958
566,Archen,Rock,Flying,55,112,45,74,45,401,5,False,732
567,Archeops,Rock,Flying,75,140,65,112,65,567,5,False,1024
568,Trubbish,Poison,,50,50,62,40,62,329,5,False,593
569,Garbodor,Poison,,80,95,82,60,82,474,5,False,873
570,Zorua,Dark,,40,65,40,80,40,330,5,False,595
571,Zoroark,Dark,,60,105,60,120,60,510,5,False,915
572,Minccino,Normal,,55,50,40,40,40,300,5,False,525
573,Cinccino,Normal,,75,95,60,65,60,470,5,False,825
574,Gothita,Psychic,,45,30,50,55,65,290,5,False,535
575,Gothorita,Psychic,,60,45,70,75,85,390,5,False,725
576,Gothitelle,Psychic,,70,55,95,95,110,490,5,False,915
577,Solosis,Psychic,,45,30,40,105,50,290,5,False,560
578,Duosion,Psychic,,65,40,50,125,60,370,5,False,710
579,Reuniclus,Psychic,,110,65,75,125,85,490,5,False,950
580,Ducklett,Water,Flying,62,44,50,44,50,305,5,False,555
581,Swanna,Water,Flying,75,87,63,87,63,473,5,False,848
582,Vanillite,Ice,,36,50,50,65,60,305,5,False,566
583,Vanillish,Ice,,51,65,65,80,75,395,5,False,731
584,Vanilluxe,Ice,,71,95,85,110,95,535,5,False,991
585,Deerling,Normal,Grass,60,60,50,40,50,335,5,False,595
586,Sawsbuck,Normal,Grass,80,100,70,60,70,475,5,False,855
587,Emolga,Electric,Flying,55,75,60,75,60,428,5,False,753
588,Karrablast,Bug,,50,75,45,40,45,315,5,False,570
589,Escavalier,Bug,Steel,70,135,105,60,105,495,5,False,970
590,Foongus,Grass,Poison,69,55,45,55,55,294,5,False,573
591,Amoonguss,Grass,Poison,114,85,70,85,80,464,5,False,898
592,Frillish,Water,Ghost,55,40,50,65,85,335,5,False,630
593,Jellicent,Water,Ghost,100,60,70,85,105,480,5,False,900
594,Alomomola,Water,,165,75,80,40,45,470,5,False,875
595,Joltik,Bug,Electric,50,47,50,57,50,319,5,False,573
596,Galvantula,Bug,Electric,70,77,60,97,60,472,5,False,836
597,Ferroseed,Grass,Steel,44,50,91,24,86,305,5,False,600
598,Ferrothorn,Grass,Steel,74,94,131,54,116,489,5,False,958
599,Klink,Steel,,40,55,70,45,60,300,5,False,570
600,Klang,Steel,,60,80,95,70,85,440,5,False,830
601,Klinklang,Steel,,60,100,115,70,85,520,5,False,950
602,Tynamo,Electric,,35,55,40,45,40,275,5,False,490
603,Eelektrik,Electric,,65,85,70,75,70,405,5,False,770
604,Eelektross,Electric,,85,115,80,105,80,515,5,False,980
605,Elgyem,Psychic,,55,55,55,85,55,335,5,False,640
606,Beheeyem,Psychic,,75,75,75,125,95,485,5,False,930
607,Litwick,Ghost,Fire,50,30,55,65,55,275,5,False,530
608,Lampent,Ghost,Fire,60,40,60,95,60,370,5,False,685
609,Chandelure,Ghost,Fire,60,55,90,145,90,520,5,False,960
610,Axew,Dragon,,46,87,60,30,40,320,5,False,583
611,Fraxure,Dragon,,66,117,70,40,50,410,5,False,753
612,Haxorus,Dragon,,76,147,90,60,70,540,5,False,983
613,Cubchoo,Ice,,55,70,40,60,40,305,5,False,570
614,Beartic,Ice,,95,110,80,70,80,485,5,False,920
615,Cryogonal,Ice,,70,50,30,95,135,485,5,False,865
616,Shelmet,Bug,,50,40,85,40,65,305,5,False,585
617,Accelgor,Bug,,80,70,40,100,60,495,5,False,845
618,Stunfisk,Ground,Electric,109,66,84,81,99,471,5,False,910
619,Mienfoo,Fighting,,45,85,50,55,50,350,5,False,635
620,Mienshao,Fighting,,65,125,60,95,60,510,5,False,915
621,Druddigon,Dragon,,77,120,90,60,90,485,5,False,922
622,Golett,Ground,Ghost,59,74,50,35,50,303,5,False,571
623,Golurk,Ground,Ghost,89,124,80,55,80,483,5,False,911
624,Pawniard,Dark,Steel,45,85,70,40,40,340,5,False,620
625,Bisharp,Dark,Steel,65,125,100,60,70,490,5,False,910
626,Bouffalant,Normal,,95,110,95,40,95,490,5,False,925
627,Rufflet,Normal,Flying,70,83,50,37,50,350,5,False,640
628,Braviary,Normal,Flying,100,123,75,57,75,510,5,False,940
629,Vullaby,Dark,Flying,70,55,75,45,65,370,5,False,680
630,Mandibuzz,Dark,Flying,110,65,105,55,95,510,5,False,940
631,Heatmor,Fire,,85,97,66,105,66,484,5,False,903
632,Durant,Bug,Steel,58,109,112,48,48,484,5,False,859
633,Deino,Dark,Dragon,52,65,50,45,50,300,5,False,562
634,Zweilous,Dark,Dragon,72,85,70,65,70,420,5,False,782
635,Hydreigon,Dark,Dragon,92,105,90,125,90,600,5,False,1102
636,Larvesta,Bug,Fire,55,85,55,50,55,360,5,False,660
637,Volcarona,Bug,Fire,85,60,65,135,105,550,5,False,1000
638,Cobalion,Steel,Fighting,91,90,129,90,72,580,5,True,1052
639,Terrakion,Rock,Fighting,91,129,90,72,90,580,5,True,1052
640,Virizion,Grass,Fighting,91,90,72,90,129,580,5,True,1052
641,TornadusIncarnate Forme,Flying,,79,115,70,125,80,580,5,True,1049
641,TornadusTherian Forme,Flying,,79,100,80,110,90,580,5,True,1039
642,ThundurusIncarnate Forme,Electric,Flying,79,115,70,125,80,580,5,True,1049
642,ThundurusTherian Forme,Electric,Flying,79,105,70,145,80,580,5,True,1059
643,Reshiram,Dragon,Fire,100,120,100,150,120,680,5,True,1270
644,Zekrom,Dragon,Electric,100,150,120,120,100,680,5,True,1270
645,LandorusIncarnate Forme,Ground,Flying,89,125,90,115,80,600,5,True,1099
645,LandorusTherian Forme,Ground,Flying,89,145,90,105,80,600,5,True,1109
646,Kyurem,Dragon,Ice,125,130,90,130,90,660,5,True,1225
646,KyuremBlack Kyurem,Dragon,Ice,125,170,100,120,90,700,5,True,1305
646,KyuremWhite Kyurem,Dragon,Ice,125,120,90,170,100,700,5,True,1305
647,KeldeoOrdinary Forme,Water,Fighting,91,72,90,129,90,580,5,False,1052
647,KeldeoResolute Forme,Water,Fighting,91,72,90,129,90,580,5,False,1052
648,MeloettaAria Forme,Normal,Psychic,100,77,77,128,128,600,5,False,1110
648,MeloettaPirouette Forme,Normal,Fighting,100,128,90,77,77,600,5,False,1072
649,Genesect,Bug,Steel,71,120,95,120,95,600,5,False,1101
650,Chespin,Grass,,56,61,65,48,45,313,6,False,588
651,Quilladin,Grass,,61,78,95,56,58,405,6,False,753
652,Chesnaught,Grass,Fighting,88,107,122,74,75,530,6,False,996
653,Fennekin,Fire,,40,45,40,62,60,307,6,False,554
654,Braixen,Fire,,59,59,58,90,70,409,6,False,745
655,Delphox,Fire,Psychic,75,69,72,114,100,534,6,False,964
656,Froakie,Water,,41,56,40,62,44,314,6,False,557
657,Frogadier,Water,,54,63,52,83,56,405,6,False,713
658,Greninja,Water,Dark,72,95,67,103,71,530,6,False,938
659,Bunnelby,Normal,,38,36,38,32,36,237,6,False,417
660,Diggersby,Normal,Ground,85,56,77,50,77,423,6,False,768
661,Fletchling,Normal,Flying,45,50,43,40,38,278,6,False,494
662,Fletchinder,Fire,Flying,62,73,55,56,52,382,6,False,680
663,Talonflame,Fire,Flying,78,81,71,74,69,499,6,False,872
664,Scatterbug,Bug,,38,35,40,27,25,200,6,False,365
665,Spewpa,Bug,,45,22,60,27,30,213,6,False,397
666,Vivillon,Bug,Flying,80,52,50,90,50,411,6,False,733
667,Litleo,Fire,Normal,62,50,58,73,54,369,6,False,666
668,Pyroar,Fire,Normal,86,68,72,109,66,507,6,False,908
669,Flabébé,Fairy,,44,38,39,61,79,303,6,False,564
670,Floette,Fairy,,54,45,47,75,98,371,6,False,690
671,Florges,Fairy,,78,65,68,112,154,552,6,False,1029
672,Skiddo,Grass,,66,65,48,62,57,350,6,False,648
673,Gogoat,Grass,,123,100,62,97,81,531,6,False,994
674,Pancham,Fighting,,67,82,62,46,48,348,6,False,653
675,Pangoro,Fighting,Dark,95,124,78,69,71,495,6,False,932
676,Furfrou,Normal,,75,80,60,65,90,472,6,False,842
677,Espurr,Psychic,,62,48,54,63,60,355,6,False,642
678,MeowsticMale,Psychic,,74,48,76,83,81,466,6,False,828
678,MeowsticFemale,Psychic,,74,48,76,83,81,466,6,False,828
679,Honedge,Steel,Ghost,45,80,100,35,37,325,6,False,622
680,Doublade,Steel,Ghost,59,110,150,45,49,448,6,False,861
681,AegislashBlade Forme,Steel,Ghost,60,150,50,150,50,520,6,False,980
681,AegislashShield Forme,Steel,Ghost,60,50,150,50,150,520,6,False,980
682,Spritzee,Fairy,,78,52,60,63,65,341,6,False,659
683,Aromatisse,Fairy,,101,72,72,99,89,462,6,False,895
684,Swirlix,Fairy,,62,48,66,59,57,341,6,False,633
685,Slurpuff,Fairy,,82,80,86,85,75,480,6,False,888
686,Inkay,Dark,Psychic,53,54,53,37,46,288,6,False,531
687,Malamar,Dark,Psychic,86,92,88,68,75,482,6,False,891
688,Binacle,Rock,Water,42,52,67,39,56,306,6,False,562
689,Barbaracle,Rock,Water,72,105,115,54,86,500,6,False,932
690,Skrelp,Poison,Water,50,60,60,60,60,320,6,False,610
691,Dragalge,Poison,Dragon,65,75,90,97,123,494,6,False,944
692,Clauncher,Water,,50,53,62,58,63,330,6,False,616
693,Clawitzer,Water,,71,73,88,120,89,500,6,False,941
694,Helioptile,Electric,Normal,44,38,33,61,43,289,6,False,508
695,Heliolisk,Electric,Normal,62,55,52,109,94,481,6,False,853
696,Tyrunt,Rock,Dragon,58,89,77,45,45,362,6,False,676
697,Tyrantrum,Rock,Dragon,82,121,119,69,59,521,6,False,971
698,Amaura,Rock,Ice,77,59,50,67,63,362,6,False,678
699,Aurorus,Rock,Ice,123,77,72,99,92,521,6,False,984
700,Sylveon,Fairy,,95,65,65,110,130,525,6,False,990
701,Hawlucha,Fighting,Flying,78,92,75,74,63,500,6,False,882
702,Dedenne,Electric,Fairy,67,58,57,81,67,431,6,False,761
703,Carbink,Rock,Fairy,50,50,150,50,150,500,6,False,950
704,Goomy,Dragon,,45,50,35,55,75,300,6,False,560
705,Sliggoo,Dragon,,68,75,53,83,113,452,6,False,844
706,Goodra,Dragon,,90,100,70,110,150,600,6,False,1120
707,Klefki,Steel,Fairy,57,80,91,80,87,470,6,False,865
708,Phantump,Ghost,Grass,43,70,48,50,60,309,6,False,580
709,Trevenant,Ghost,Grass,85,110,76,65,82,474,6,False,892
710,PumpkabooAverage Size,Ghost,Grass,49,66,70,44,55,335,6,False,619
710,PumpkabooSmall Size,Ghost,Grass,44,66,70,44,55,335,6,False,614
710,PumpkabooLarge Size,Ghost,Grass,54,66,70,44,55,335,6,False,624
710,PumpkabooSuper Size,Ghost,Grass,59,66,70,44,55,335,6,False,629
711,GourgeistAverage Size,Ghost,Grass,65,90,122,58,75,494,6,False,904
711,GourgeistSmall Size,Ghost,Grass,55,85,122,58,75,494,6,False,889
711,GourgeistLarge Size,Ghost,Grass,75,95,122,58,75,494,6,False,919
711,GourgeistSuper Size,Ghost,Grass,85,100,122,58,75,494,6,False,934
712,Bergmite,Ice,,55,69,85,32,35,304,6,False,580
713,Avalugg,Ice,,95,117,184,44,46,514,6,False,1000
714,Noibat,Flying,Dragon,40,30,35,45,40,245,6,False,435
715,Noivern,Flying,Dragon,85,70,80,97,80,535,6,False,947
716,Xerneas,Fairy,,126,131,95,131,98,680,6,True,1261
717,Yveltal,Dark,Flying,126,131,95,131,98,680,6,True,1261
718,Zygarde50% Forme,Dragon,Ground,108,100,121,81,95,600,6,True,1105
719,Diancie,Rock,Fairy,50,100,150,100,150,600,6,True,1150
719,DiancieMega Diancie,Rock,Fairy,50,160,110,160,110,700,6,True,1290
720,HoopaHoopa Confined,Psychic,Ghost,80,110,60,150,130,600,6,True,1130
720,HoopaHoopa Unbound,Psychic,Dark,80,160,60,170,130,680,6,True,1280
721,Volcanion,Fire,Water,80,110,120,130,90,600,6,True,1130
